{
 "econ_sit": [
  0.037301533701197626,
  0.222602013137363,
  0.4079607126891294,
  0.3321357404723099
 ],
 "satisfied_democracy": [
  0.12398466699549006,
  0.36071308479890485,
  0.26048561878055526,
  0.2548166294250498
 ],
 "fav_us": [
  0.1381412802732792,
  0.36494629822803726,
  0.23338629704659816,
  0.2635261244520854
 ],
 "fav_china": [
  0.06050275372424326,
  0.3476845976220153,
  0.39779398953541784,
  0.1940186591183236
 ],
 "fav_eu": [
  0.21671151988903253,
  0.4200416708602081,
  0.21494869015468848,
  0.14829811909607096
 ],
 "fav_un": [
  0.2165900642774074,
  0.4868463321737484,
  0.16987357791064603,
  0.12669002563819823
 ],
 "fav_nato": [
  0.27079675041664103,
  0.47443386489566775,
  0.17775495934369442,
  0.07701442534399677
 ],
 "fav_russia": [
  0.02672546550507914,
  0.12273493946394796,
  0.24886414885922625,
  0.6016754461717466
 ],
 "fav_israel": [
  0.0729594180945314,
  0.2541606949325408,
  0.3315212079479534,
  0.3413586790249743
 ],
 "fav_india": [
  0.11236839357397804,
  0.5606819858868013,
  0.2559142404588521,
  0.07103538008036846
 ],
 "partyfav_uk_conservative": [
  0.05354626969359384,
  0.25715082762069086,
  0.3629469471090657,
  0.3263559555766496
 ],
 "partyfav_uk_labour": [
  0.0835397950523117,
  0.36106264840671726,
  0.2497946561186825,
  0.3056029004222886
 ],
 "partyfav_uk_libdems": [
  0.06140284011172077,
  0.46391674740915007,
  0.32844036518181363,
  0.14624004729731563
 ],
 "partyfav_uk_brexit": [
  0.16581306107221036,
  0.22193948366443925,
  0.22611644326767324,
  0.3861310119956772
 ],
 "confid_trump": [
  0.14137774239830253,
  0.2329934828262266,
  0.15260055486021368,
  0.47302821991525723,
  0.0
 ],
 "confid_xi": [
  0.04233423646899871,
  0.29605283266828186,
  0.31611307832887775,
  0.34549985253384174,
  0.0
 ],
 "confid_putin": [
  0.038493515246166884,
  0.11054163808436629,
  0.14377686427551586,
  0.707187982393951,
  0.0
 ],
 "confid_macron": [
  0.10219982934289958,
  0.526453161728361,
  0.21910351560926872,
  0.15224349331947074,
  0.0
 ],
 "confid_netanyahu": [
  0.04730043677469795,
  0.21601231228094228,
  0.2607552375246361,
  0.47593201341972374,
  0.0
 ],
 "confid_zelenskyy": [
  0.30166551474774145,
  0.4385031025800161,
  0.14604151933092607,
  0.11378986334131641,
  0.0
 ],
 "trump_personality_qualified": [
  0.3467007334212409,
  0.653299266578759
 ],
 "trump_personality_strong": [
  0.5716609906119064,
  0.42833900938809355
 ],
 "trump_personality_honest": [
  0.3005875211235019,
  0.6994124788764982
 ],
 "trump_personality_dangerous": [
  0.7027779839713794,
  0.29722201602862075
 ],
 "trump_personality_complex": [
  0.43180987714476116,
  0.5681901228552388
 ],
 "trump_personality_diplomatic": [
  0.29590960210885503,
  0.704090397891145
 ],
 "trump_personality_arrogant": [
  0.8497783274948744,
  0.15022167250512553
 ],
 "trump_handling_econ": [
  0.08107117903492331,
  0.28123947414517575,
  0.21300570930134072,
  0.42468363751856014
 ],
 "trump_handling_climate": [
  0.06338420889576306,
  0.13796742987897725,
  0.16845571091974212,
  0.6301926503055176
 ],
 "trump_handling_china": [
  0.08819053950610277,
  0.3094242418809284,
  0.26148551800656555,
  0.3408997006064033
 ],
 "trump_handling_rusukr": [
  0.12277496553603758,
  0.22320808870136147,
  0.202992439967681,
  0.45102450579492
 ],
 "trump_handling_isrneigh": [
  0.09285487147964042,
  0.2142713999375295,
  0.22434294408422698,
  0.4685307844986031
 ],
 "trump_handling_immigration": [
  0.24393484614636504,
  0.25028819990504475,
  0.12703727826186642,
  0.37873967568672384
 ],
 "usdem_works": [
  0.0947008453478078,
  0.3467707118653685,
  0.32525768702563307,
  0.23327075576119058
 ],
 "conflict_usparties": [
  0.44279786027721746,
  0.33224559078049504,
  0.17654132793197924,
  0.04841522101030832
 ],
 "econ_power": [
  0.4082455247196732,
  0.3675343714590007,
  0.0677643929333259,
  0.14250377503717343,
  0.009874160350996307,
  0.00407777549983048
 ],
 "us_or_china": [
  0.2561390350519819,
  0.659230403166123,
  0.0581889825769007,
  0.026441579204994386
 ],
 "moral_state": [
  0.19876818639071542,
  0.6278983148802245,
  0.1353839502262703,
  0.03794954850278982
 ],
 "moral_affair": [
  0.07107998971646733,
  0.8160588153499816,
  0.1079145066570771,
  0.0049466882764740245
 ],
 "moral_homosexuality": [
  0.540276095920472,
  0.15874982812435992,
  0.29827269220523345,
  0.0027013837499347032
 ],
 "moral_abortion": [
  0.5209651645288831,
  0.20587119863967354,
  0.21488022948636346,
  0.05828340734508003
 ],
 "moral_gambling": [
  0.3445228465992834,
  0.36151815241621854,
  0.2906539737475466,
  0.003305027236951486
 ],
 "moral_contraceptives": [
  0.6933726181732965,
  0.04293653365080458,
  0.2635213791680143,
  0.00016946900788456496
 ],
 "moral_pornography": [
  0.2749659399434259,
  0.4473874393374998,
  0.26086721760013265,
  0.016779403118941622
 ],
 "moral_marijuana": [
  0.3225274241665333,
  0.3541153614182629,
  0.3152372150911346,
  0.00811999932406928
 ],
 "moral_alcohol": [
  0.5735211539352647,
  0.10230825394486287,
  0.31808126623889227,
  0.006089325880980148
 ],
 "moral_divorce": [
  0.5902720088646857,
  0.0945104352046413,
  0.2997976290156823,
  0.015419926914990664
 ],
 "believe_god": [
  0.7771563471581969,
  0.22284365284180319
 ],
 "polsys_country": [
  0.17627891246255242,
  0.4116345299512195,
  0.3385591716794912,
  0.0735273859067369
 ],
 "officials_trait_understand": [
  0.037284829320947586,
  0.11774850847392686,
  0.43919900750061536,
  0.26271927270991624,
  0.14304838199459405
 ],
 "officials_trait_focus": [
  0.03647703644627152,
  0.15036466959576406,
  0.41818950759145235,
  0.27510175298143336,
  0.1198670333850787
 ],
 "officials_trait_qualified": [
  0.047709219083990465,
  0.21316807672130095,
  0.4324868747494722,
  0.20613043013610585,
  0.10050539930913048
 ],
 "officials_trait_ethical": [
  0.029499695759233335,
  0.20462242067107994,
  0.4483497954751866,
  0.21152835080396584,
  0.10599973729053434
 ],
 "officials_trait_honest": [
  0.037316094471743604,
  0.17226183936892578,
  0.3764238217537169,
  0.23474619967361166,
  0.17925204473200204
 ],
 "intthreat_climatechange": [
  0.6583007812056096,
  0.2522918120224536,
  0.08940740677193668
 ],
 "intthreat_econcondition": [
  0.6536054866222893,
  0.29535565564976723,
  0.05103885772794344
 ],
 "intthreat_disease": [
  0.4789584273898206,
  0.46207803823785343,
  0.05896353437232594
 ],
 "intthreat_misinfo": [
  0.7362946393738636,
  0.22670240059152974,
  0.03700296003460663
 ],
 "intthreat_terrorism": [
  0.6217603339668913,
  0.3111626065202901,
  0.06707705951281857
 ],
 "ai_heard": [
  0.40884920412388515,
  0.4943447980401968,
  0.09680599783591798
 ],
 "ai_cncexc": [
  0.1364451074106599,
  0.39982271404002534,
  0.4637321785493148
 ],
 "aireg_us": [
  0.07633893298411648,
  0.2960975052464975,
  0.2632696414215317,
  0.22143237489703266,
  0.14286154545082158
 ],
 "aireg_china": [
  0.0683275668208948,
  0.16844154422467106,
  0.25337343430374126,
  0.36223530926966135,
  0.1476221453810316
 ],
 "aireg_eu": [
  0.1156148921508871,
  0.4480417099124945,
  0.17254444833648105,
  0.10660820832578229,
  0.15719074127435517
 ],
 "aireg_country": [
  0.12412058641760765,
  0.44304396025170756,
  0.19707590102967115,
  0.10286124038640802,
  0.13289831191460558
 ],
 "religion_import": [
  0.19766668758276407,
  0.26640851638876606,
  0.18596592380195695,
  0.3499588722265129
 ],
 "pray_freq": [
  0.11650044081369394,
  0.07464516551573214,
  0.056661616625562926,
  0.04292246444118418,
  0.08072118106202165,
  0.14881655557963763,
  0.4797325759621675
 ],
 "d_income_uk_cat": [
  0.5620184764395019,
  0.34572996262335376,
  0.09225156093714439
 ],
 "d_ptyid_proximity_lean": [
  0.4274598042357365,
  0.5725401957642635
 ],