{
 "econ_sit": [
  0.057746390147202946,
  0.28721406783273173,
  0.39365163209393694,
  0.26138790992612837
 ],
 "children_betteroff2": [
  0.2586984144436454,
  0.7413015855563545
 ],
 "satisfied_democracy": [
  0.039168879120777246,
  0.2726348128128655,
  0.43956654052045085,
  0.24862976754590638
 ],
 "fav_us": [
  0.26739022053653,
  0.4440792795496351,
  0.2233483634622756,
  0.06518213645155933
 ],
 "fav_china": [
  0.015306371096540854,
  0.14964136674782869,
  0.39544269266628546,
  0.43960956948934504
 ],
 "fav_eu": [
  0.09507236364320491,
  0.5415216050101045,
  0.24666013147054275,
  0.11674589987614785
 ],
 "fav_un": [
  0.09260016954964263,
  0.44537580053588244,
  0.2617467479508813,
  0.20027728196359346
 ],
 "fav_nato": [
  0.1419906663757402,
  0.45949549866905315,
  0.2539486111419958,
  0.14456522381321085
 ],
 "fav_russia": [
  0.013229322074096338,
  0.10376105536358896,
  0.30022563874314584,
  0.582783983819169
 ],
 "fav_india": [
  0.03528382883616559,
  0.41483947726246173,
  0.4194846406969105,
  0.13039205320446215
 ],
 "fav_mexico": [
  0.05181890570958211,
  0.3336412542953292,
  0.393815724293573,
  0.22072411570151576
 ],
 "fav_brazil": [
  0.03884837713568942,
  0.4675898352982259,
  0.3766676233294319,
  0.11689416423665287
 ],
 "fav_uk": [
  0.14153470037357668,
  0.5833774439111595,
  0.20163994126115195,
  0.0734479144541119
 ],
 "fav_germany": [
  0.11591298331627779,
  0.5551336637535729,
  0.2507330051034949,
  0.07822034782665456
 ],
 "fav_france": [
  0.08999156301844576,
  0.5760924633241997,
  0.24516059903330134,
  0.08875537462405317
 ],
 "partyfav_rep": [
  0.06634680933507124,
  0.3133247414091888,
  0.32800396519116043,
  0.2923244840645795
 ],
 "partyfav_dem": [
  0.08511967813312614,
  0.30086128414128027,
  0.30278233289550566,
  0.311236704830088
 ],
 "confid_xi": [
  0.014217809428970241,
  0.07520595245434342,
  0.33455641505979433,
  0.47171230792785024,
  0.10430751512904175
 ],
 "confid_putin": [
  0.01358364497078726,
  0.06317354092710077,
  0.21322179623271698,
  0.6753798455674102,
  0.03464117230198469
 ],
 "confid_macron": [
  0.047438960939603814,
  0.3494407237116544,
  0.2571031848533202,
  0.1277375397240972,
  0.2182795907713244
 ],
 "confid_zelenskyy": [
  0.15074123005832082,
  0.339316389209389,
  0.21724690832344984,
  0.17839510367184608,
  0.11430036873699431
 ],
 "confid_netanyahu": [
  0.08852851915561298,
  0.21742524595514512,
  0.2788773754136439,
  0.2593322259711738,
  0.1558366335044242
 ],
 "prob_rich_poor": [
  0.5122712688868901,
  0.32387796222863785,
  0.13187282180907162,
  0.031977947075400484
 ],
 "prob_gen_unequal": [
  0.17978789590029534,
  0.32135344999193916,
  0.3207939713524419,
  0.17806468275532356
 ],
 "prob_racediscrim": [
  0.31275991868820585,
  0.3462508930242438,
  0.2658213851873322,
  0.07516780310021814
 ],
 "prob_reldiscrim": [
  0.2026683833886189,
  0.35404454336262453,
  0.3533121488335271,
  0.0899749244152295
 ],
 "prob_misinformation": [
  0.49123318369601915,
  0.36317540619949623,
  0.13404008313656005,
  0.011551326967924658
 ],
 "free_press": [
  0.6524802721126254,
  0.2727048017162412,
  0.04899526927530839,
  0.025819656895824907
 ],
 "free_speech": [
  0.567763325439234,
  0.3459000789140593,
  0.059534675841641675,
  0.0268019198050651
 ],
 "free_internet": [
  0.5442895046175116,
  0.35236479979549334,
  0.07339463950290691,
  0.029951056084088226
 ],
 "freedom_press": [
  0.3299333075944578,
  0.4601940854836893,
  0.15765472585760165,
  0.05221788106425122
 ],
 "freedom_say": [
  0.2770324111890328,
  0.5286700805364348,
  0.1533373489940599,
  0.04096015928047251
 ],
 "freedom_internet": [
  0.40393742067758925,
  0.4819624311690281,
  0.08652515471840065,
  0.027574993434982025
 ],
 "inequality_merit": [
  0.3322049501553609,
  0.3384747616241461,
  0.23270388161306957,
  0.09661640660742345
 ],
 "inequality_opp": [
  0.36261543437781874,
  0.3801987830383616,
  0.20088074196373634,
  0.05630504062008333
 ],
 "inequality_discrim": [
  0.28066402860122663,
  0.34807639419527836,
  0.258679286451983,
  0.11258029075151202
 ],
 "inequality_automation": [
  0.2235627713514414,
  0.3745931934117734,
  0.3240290260675164,
  0.07781500916926885
 ],
 "inequality_edu": [
  0.4823710547627113,
  0.38408554008825097,
  0.10570700878675533,
  0.02783639636228241
 ],
 "inequality_rich": [
  0.6178162146594584,
  0.28274041982022213,
  0.07487550574620282,
  0.024567859774116737
 ],
 "econsys_reform": [
  0.19978995806498526,
  0.46571371233728864,
  0.28348678106337305,
  0.05100954853435311
 ],
 "usdemocracy_example": [
  0.19148290608419768,
  0.7318087274555257,
  0.07670836646027664
 ],
 "prezfp": [
  0.8586053363352651,
  0.14139466366473485
 ],
 "usrespect_import": [
  0.5514601193248373,
  0.35364060823890153,
  0.07671413803221173,
  0.018185134404049376
 ],
 "lrngfp_a": [
  0.6400086340524281,
  0.3110925132843068,
  0.04889885266326504
 ],
 "lrngfp_b": [
  0.30984864933060613,
  0.47142912265618087,
  0.21872222801321306
 ],
 "lrngfp_c": [
  0.24669505827654462,
  0.5876069890725352,
  0.1656979526509202
 ],
 "lrngfp_d": [
  0.509348990944106,
  0.40751176617775003,
  0.083139242878144
 ],
 "lrngfp_e": [
  0.18606596884372037,
  0.5265952380793689,
  0.28733879307691074
 ],
 "lrngfp_f": [
  0.49772489825124094,
  0.42077130988259515,
  0.08150379186616387
 ],
 "lrngfp_g": [
  0.5416193651789535,
  0.37324168339060415,
  0.08513895143044231
 ],
 "lrngfp_h": [
  0.44351660659989217,
  0.3107518162548001,
  0.2457315771453077
 ],
 "lrngfp_i": [
  0.29070812251136624,
  0.4888984254596697,
  0.220393452028964
 ],
 "lrngfp_j": [
  0.6480179464946616,
  0.28993107210868885,
  0.06205098139664952
 ],
 "lrngfp_k": [
  0.32599775300440714,
  0.48166916838624235,
  0.1923330786093505
 ],
 "lrngfp_l": [
  0.2588904337065907,
  0.5591605168714097,
  0.18194904942199971
 ],
 "lrngfp_m": [
  0.529817279631581,
  0.40576555618039817,
  0.0644171641880208
 ],
 "lrngfp_n": [
  0.3783663856292414,
  0.4906353431288379,
  0.1309982712419208
 ],
 "lrngfp_o": [
  0.7385674633790791,
  0.2365295386640366,
  0.02490299795688423
 ],
 "lrngfp_p": [
  0.4227127467250458,
  0.4932592725895018,
  0.08402798068545246
 ],
 "lrngfp_q": [
  0.1871941756362675,
  0.593999158915999,
  0.21880666544773353
 ],
 "lrngfp_r": [
  0.3860627706102306,
  0.49162048817137266,
  0.12231674121839678
 ],
 "lrngfp_s": [
  0.27946255255635843,
  0.5303278839399598,
  0.19020956350368184
 ],
 "lrngfp_t": [
  0.2224950443378266,
  0.45967321925736193,
  0.3178317364048114
 ],
 "lrngfp_u": [
  0.23777369145801389,
  0.49207165811327663,
  0.2701546504287094
 ],
 "lrngfp_v": [
  0.2494131980172975,
  0.528526936270687,
  0.22205986571201547
 ],
 "us_euro_sec": [
  0.5744830084192643,
  0.352912633805727,
  0.056404944200956444,
  0.016199413574052343
 ],
 "us_euro_econ": [
  0.551907877753652,
  0.3945385233344559,
  0.04259632324822731,
  0.010957275663664653
 ],
 "us_euro_dem": [
  0.37443180793998565,
  0.455421938998486,
  0.13201521795905316,
  0.0381310351024751
 ],
 "growinflu1_china": [
  0.7306877574850907,
  0.08976579303456282,
  0.17954644948034645
 ],
 "growinflu1_russia": [
  0.4985007006446547,
  0.2466094867600135,
  0.2548898125953318
 ],
 "growinflu1_india": [
  0.36626505647423613,
  0.10715268795171576,
  0.5265822555740481
 ],
 "growinflu1_germany": [
  0.19031081083747411,
  0.2006727639909601,
  0.6090164251715658
 ],
 "growinflu1_france": [
  0.12463634778339386,
  0.250351663465415,
  0.6250119887511911
 ],
 "growinflu1_uk": [
  0.12493975644093337,
  0.3243964662914255,
  0.5506637772676412
 ],
 "growinflu1_iran": [
  0.40852595796553,
  0.1684409424945589,
  0.4230330995399111
 ],
 "growinflu1_brazil": [
  0.16763662887904943,
  0.16383800043346247,
  0.6685253706874881
 ],
 "growinflu1_country": [
  0.14760334324759217,
  0.5564039038918881,
  0.2959927528605197
 ],