{
 "LearnCodeAI": [
  0.4003510084299566,
  0.30129182610697125,
  0.10254049543976752,
  0.09836867393618552,
  0.09744799608711914
 ],
 "PurchaseInfluence": [
  0.5287297582164873,
  0.19882461911910312,
  0.15573796671883483,
  0.08128653102941646,
  0.03542112491615829
 ],
 "AIThreat": [
  0.6394723636102947,
  0.21220159151193635,
  0.14832604487776901
 ],
 "NewRole": [
  0.46201865495590316,
  0.2984067070736399,
  0.13773454796210938,
  0.08325772148223425,
  0.018582368526113308
 ],
 "SOVisitFreq": [
  0.2903836296968024,
  0.2880179789457083,
  0.17655640105665735,
  0.09781965855774159,
  0.08827820052832867,
  0.037534991917359935,
  0.021409139297401725
 ],
 "SODuration": [
  0.3634925656437836,
  0.32707212907307814,
  0.13318570072761785,
  0.10918222081619741,
  0.046108826320784564,
  0.011111989876621322,
  0.009846567541917114
 ],
 "SOComm": [
  0.3172318451654875,
  0.23615515979507196,
  0.19964218915182566,
  0.141375945352525,
  0.09851996421891518,
  0.0070748963161746765
 ],
 "SOFriction": [
  0.44039041554959785,
  0.20459115281501342,
  0.18934316353887398,
  0.09136226541554959,
  0.07431300268096515
 ],
 "AISelect": [
  0.5064695718947975,
  0.1736993664810904,
  0.14670762142445767,
  0.127433288539067,
  0.045690151660587444
 ],
 "AISent": [
  0.37670676517232043,
  0.23540788303098287,
  0.17398367694271458,
  0.10551966889722662,
  0.09085986152477468,
  0.017522144431980816
 ],
 "AIAcc": [
  0.29651501612339254,
  0.262908426900812,
  0.2166362329538832,
  0.1965111309685691,
  0.027429193053343175
 ],
 "AIAgents": [
  0.366824032602994,
  0.17237622563854255,
  0.148973086389864,
  0.14219424605576403,
  0.09236169955211233,
  0.07727070976072307
 ],
 "AIAgentChange": [
  0.4157458563535912,
  0.3595628859278518,
  0.16249593760155995,
  0.04070523236919077,
  0.021490087747806304
 ]
}