{
 "econ_sit": [
  0.01533363258652335,
  0.08857378179128134,
  0.4017896112654097,
  0.49430297435678566
 ],
 "satisfied_democracy": [
  0.039560073613704526,
  0.2413529678800087,
  0.45820764624557003,
  0.26087931226071676
 ],
 "fav_us": [
  0.14666856640521675,
  0.46323335762819257,
  0.2960596165270507,
  0.09403845943953988
 ],
 "fav_china": [
  0.014938745212398753,
  0.17786223463502102,
  0.4350587633995195,
  0.3721402567530608
 ],
 "fav_eu": [
  0.0874503093757766,
  0.7002803057689209,
  0.18658441922304445,
  0.025684965632258226
 ],
 "fav_un": [
  0.10478221564401675,
  0.6624730748484239,
  0.19879998360694554,
  0.033944725900613856
 ],
 "fav_russia": [
  0.009656019901980293,
  0.0967046172560285,
  0.3252536676691568,
  0.5683856951728343
 ],
 "fav_israel": [
  0.05028668479576676,
  0.287732217242792,
  0.4006418068560497,
  0.26133929110539156
 ],
 "fav_india": [
  0.03982820059365588,
  0.4562913556987856,
  0.36587536134048565,
  0.13800508236707287
 ],
 "confid_trump": [
  0.07387298012554679,
  0.2547564247906487,
  0.3751932462811867,
  0.2961773488026178,
  0.0
 ],
 "confid_xi": [
  0.008995740207509385,
  0.14496845092590696,
  0.4014793431254304,
  0.4445564657411532,
  0.0
 ],
 "confid_putin": [
  0.009839187543159924,
  0.055518604891864914,
  0.31131861258280935,
  0.6233235949821658,
  0.0
 ],
 "confid_macron": [
  0.068880187303905,
  0.5099395261577669,
  0.36083622554134204,
  0.060344060996986026,
  0.0
 ],
 "confid_netanyahu": [
  0.050366155908267714,
  0.23090987625846965,
  0.45464655257547076,
  0.26407741525779194,
  0.0
 ],
 "confid_zelenskyy": [
  0.08905676810500114,
  0.37361803967195933,
  0.35159098961609125,
  0.1857342026069482,
  0.0
 ],
 "trump_personality_qualified": [
  0.3583049060430076,
  0.6416950939569924
 ],
 "trump_personality_strong": [
  0.7091003544283847,
  0.2908996455716153
 ],
 "trump_personality_honest": [
  0.2238425421589322,
  0.7761574578410678
 ],
 "trump_personality_dangerous": [
  0.7347228013608101,
  0.2652771986391898
 ],
 "trump_personality_complex": [
  0.40977205238364256,
  0.5902279476163574
 ],
 "trump_personality_diplomatic": [
  0.3228428995351944,
  0.6771571004648056
 ],
 "trump_personality_arrogant": [
  0.8162795577079243,
  0.18372044229207574
 ],
 "trump_handling_econ": [
  0.03787603636146892,
  0.24805929053381706,
  0.43704574342281854,
  0.2770189296818955
 ],
 "trump_handling_climate": [
  0.045497059746516647,
  0.1680907166196902,
  0.4013069306710126,
  0.38510529296278057
 ],
 "trump_handling_china": [
  0.07914506798152608,
  0.21691839511212127,
  0.4377774173580092,
  0.26615911954834337
 ],
 "trump_handling_rusukr": [
  0.08004187506412357,
  0.31208283986558605,
  0.3450182734713402,
  0.26285701159895025
 ],
 "trump_handling_isrneigh": [
  0.06777497108931116,
  0.2333092008727975,
  0.4387000952858819,
  0.2602157327520094
 ],
 "trump_handling_immigration": [
  0.10082491390218995,
  0.23270592226716832,
  0.374701683116334,
  0.2917674807143078
 ],
 "usdem_works": [
  0.08880812944631009,
  0.5004416949134531,
  0.3450610803328347,
  0.06568909530740216
 ],
 "conflict_usparties": [
  0.23598105964025193,
  0.538461625281348,
  0.22051406606901594,
  0.005043249009384115
 ],
 "econ_power": [
  0.8632791636991222,
  0.08382907295672624,
  0.007644559314790437,
  0.03546592179523771,
  0.002219800506343694,
  0.007561481727779733
 ],
 "us_or_china": [
  0.11636842312929482,
  0.817236584122778,
  0.06068707666176829,
  0.0057079160861588825
 ],
 "moral_state": [
  0.15027180617107436,
  0.6315723064137109,
  0.17076173291464278,
  0.047394154500571876
 ],
 "moral_affair": [
  0.06414684167891847,
  0.8282157787194515,
  0.09767737705953515,
  0.009960002542094925
 ],
 "moral_homosexuality": [
  0.1447342858692378,
  0.5566699787173247,
  0.29322630082208734,
  0.00536943459135004
 ],
 "moral_abortion": [
  0.2885318002692918,
  0.42187460798561355,
  0.24612893086816823,
  0.04346466087692634
 ],
 "moral_gambling": [
  0.06915294761817682,
  0.7864686176835619,
  0.13139877329205712,
  0.012979661406203971
 ],
 "moral_contraceptives": [
  0.5159760454758979,
  0.10146973287274415,
  0.366454213673825,
  0.016100007977532835
 ],
 "moral_pornography": [
  0.20702411366502255,
  0.5028164183409376,
  0.27940893711712944,
  0.010750530876910361
 ],
 "moral_marijuana": [
  0.06523779017259991,
  0.803898650474254,
  0.125549989917333,
  0.005313569435813173
 ],
 "moral_alcohol": [
  0.4084637783387296,
  0.23330225824634124,
  0.3534358167288634,
  0.004798146686065647
 ],
 "moral_divorce": [
  0.41413412847969333,
  0.11967811745027836,
  0.45410431279731717,
  0.012083441272711149
 ],
 "believe_god": [
  0.5239636649606538,
  0.47603633503934606
 ],
 "polsys_country": [
  0.42975768030567885,
  0.4430968056177815,
  0.11425938458645411,
  0.012886129490085656
 ],
 "officials_trait_understand": [
  0.02682051031221562,
  0.17074096261666144,
  0.4610965358366426,
  0.277197244759626,
  0.06414474647485438
 ],
 "officials_trait_focus": [
  0.02765103323715182,
  0.19827088270294976,
  0.43982965433954846,
  0.264513215531598,
  0.06973521418875189
 ],
 "officials_trait_qualified": [
  0.013708311691796357,
  0.18185407694922304,
  0.46368690919412153,
  0.26123434405191265,
  0.07951635811294651
 ],
 "officials_trait_ethical": [
  0.015382975606508125,
  0.159088411843587,
  0.4844046657018106,
  0.27204714983972933,
  0.06907679700836482
 ],
 "officials_trait_honest": [
  0.00881819959212922,
  0.14192458079715978,
  0.47010004316644805,
  0.3010176866508375,
  0.0781394897934255
 ],
 "intthreat_climatechange": [
  0.7825083447238712,
  0.17683976909289018,
  0.040651886183238534
 ],
 "intthreat_econcondition": [
  0.7760658183052134,
  0.18236370771458169,
  0.041570473980205115
 ],
 "intthreat_disease": [
  0.7706920891216531,
  0.18511783336997406,
  0.04419007750837298
 ],
 "intthreat_misinfo": [
  0.8345829008658914,
  0.13909059599999518,
  0.026326503134113468
 ],
 "intthreat_terrorism": [
  0.7392610700067677,
  0.20979325136089214,
  0.050945678632340285
 ],
 "ai_heard": [
  0.2098059307508153,
  0.5760858970606938,
  0.21410817218849076
 ],
 "ai_cncexc": [
  0.22425218471398412,
  0.1610736424602511,
  0.6146741728257646
 ],
 "aireg_us": [
  0.13287899324277802,
  0.4451017699225999,
  0.21233955354950199,
  0.05119680807082556,
  0.1584828752142944
 ],
 "aireg_china": [
  0.058986701021369894,
  0.1524770186016015,
  0.3264432811104956,
  0.2944456205672067,
  0.16764737869932636
 ],
 "aireg_eu": [
  0.08058392733549737,
  0.446452934134324,
  0.2005728443667382,
  0.03477664757743975,
  0.23761364658600065
 ],
 "aireg_country": [
  0.11287148666828949,
  0.4414939702115653,
  0.2534865114705222,
  0.03889937163764149,
  0.15324866001198165
 ],
 "religion_import": [
  0.17593479434410336,
  0.2451226208696744,
  0.30438783838648176,
  0.2745547463997404
 ],
 "pray_freq": [
  0.1259111432558103,
  0.09119618259818776,
  0.06591576653832862,
  0.06926379355795953,
  0.08606035989815453,
  0.14262325897149086,
  0.4190294951800684
 ],
 "d_ptyid_proximity_lean": [
  0.3974289460365385,
  0.6025710539634614
 ],
 "political_scale3": [
  0.057899510066789096,
  0.06050411381747327,
  0.12620492518017487,
  0.3342770404036202,
  0.16581631045940848,
  0.10922823538651286,
  0.1460698646860212
 ],
 "trust_people": [
  0.6249802052183282,
  0.37501979478167174
 ],
 "internetfreq": [
  0.4910180356535164,
  0.2959796927860839,
  0.09042617868060661,
  0.03130993812702725,
  0.024310625738840172,
  0.06695552901392576
 ]
}