{
 "econ_sit": [
  0.374715065889851,
  0.4153341196002618,
  0.10277141831359181,
  0.10717939619629538
 ],
 "satisfied_democracy": [
  0.33722955153600676,
  0.4247500841349694,
  0.08778260554470886,
  0.15023775878431506
 ],
 "fav_us": [
  0.30019696366764315,
  0.4366012053654222,
  0.11222422618880482,
  0.15097760477812983
 ],
 "fav_china": [
  0.06729971634532095,
  0.2160302992230499,
  0.1605770609426661,
  0.556092923488963
 ],
 "fav_eu": [
  0.15880281650356637,
  0.48259012741910606,
  0.16914997471992813,
  0.18945708135739953
 ],
 "fav_un": [
  0.21646115603921334,
  0.48282085079899845,
  0.1451820657284893,
  0.15553592743329903
 ],
 "fav_russia": [
  0.32414021256364145,
  0.3758132720678369,
  0.13060776617380446,
  0.1694387491947172
 ],
 "fav_israel": [
  0.18042048565753122,
  0.36343740339343106,
  0.17805365297205628,
  0.2780884579769815
 ],
 "fav_india": [
  0.8218737521141544,
  0.14166947896573096,
  0.019395261922585318,
  0.017061506997529476
 ],
 "fav_pakistan": [
  0.03445766696497953,
  0.12618409212302054,
  0.14917137772806968,
  0.6901868631839303
 ],
 "fav_bangladesh": [
  0.09899067659064655,
  0.29268118447155095,
  0.20998530402418175,
  0.3983428349136208
 ],
 "fav_rahul_gandhi": [
  0.28164950762427243,
  0.3839087710083282,
  0.11436964160372991,
  0.2200720797636695
 ],
 "fav_modi": [
  0.5905805512891721,
  0.2470302922206905,
  0.06681375434704385,
  0.0955754021430934
 ],
 "partyfav_india_bjp": [
  0.48560509370230104,
  0.3271107924598326,
  0.085152923451208,
  0.10213119038665845
 ],
 "partyfav_india_inc": [
  0.22241098133381654,
  0.3936864282643546,
  0.14603158882809364,
  0.23787100157373525
 ],
 "confid_trump": [
  0.26962521381525517,
  0.42647271316070096,
  0.08369205482204745,
  0.2202100182019964,
  0.0
 ],
 "confid_xi": [
  0.07525911140517505,
  0.268571514077477,
  0.12316661357741576,
  0.5330027609399323,
  0.0
 ],
 "confid_putin": [
  0.2384482907803238,
  0.40997475138229195,
  0.1222305796809804,
  0.2293463781564039,
  0.0
 ],
 "confid_macron": [
  0.12774184243238212,
  0.46072835122163364,
  0.1384773952571867,
  0.2730524110887976,
  0.0
 ],
 "confid_netanyahu": [
  0.1744523597759726,
  0.37572034972487983,
  0.14705124254122218,
  0.30277604795792534,
  0.0
 ],
 "confid_zelenskyy": [
  0.10561886003050486,
  0.4034832486306331,
  0.1570707559353533,
  0.3338271354035087,
  0.0
 ],
 "trump_personality_qualified": [
  0.7177756873667173,
  0.2822243126332828
 ],
 "trump_personality_strong": [
  0.7322669720756944,
  0.26773302792430576
 ],
 "trump_personality_honest": [
  0.6655532877736408,
  0.3344467122263593
 ],
 "trump_personality_dangerous": [
  0.4559963186354211,
  0.5440036813645789
 ],
 "trump_personality_complex": [
  0.6417779535476119,
  0.3582220464523881
 ],
 "trump_personality_diplomatic": [
  0.5745447458735791,
  0.42545525412642093
 ],
 "trump_personality_arrogant": [
  0.45463829908317294,
  0.545361700916827
 ],
 "trump_handling_econ": [
  0.19153167430442153,
  0.46539320606558404,
  0.12655018502732618,
  0.2165249346026683
 ],
 "trump_handling_climate": [
  0.23443964771062195,
  0.4578653631669395,
  0.1122969988331402,
  0.19539799028929833
 ],
 "trump_handling_china": [
  0.14384042193822386,
  0.41188095917168394,
  0.14143722664928665,
  0.3028413922408057
 ],
 "trump_handling_rusukr": [
  0.18549781634358917,
  0.4195785901275569,
  0.1376283158682391,
  0.25729527766061483
 ],
 "trump_handling_isrneigh": [
  0.18218152286025338,
  0.40049156463312263,
  0.15148447640230175,
  0.2658424361043223
 ],
 "trump_handling_immigration": [
  0.1851350887636636,
  0.44214161871964086,
  0.12748366713520862,
  0.24523962538148703
 ],
 "usdem_works": [
  0.30307143107291906,
  0.48767776118890405,
  0.10038785427500185,
  0.10886295346317508
 ],
 "conflict_usparties": [
  0.18783992794182996,
  0.3566637762045031,
  0.20328969500824998,
  0.25220660084541696
 ],
 "econ_power": [
  0.5731213498550647,
  0.1636140917220109,
  0.1607895568030621,
  0.05775096612040456,
  0.027332894100139244,
  0.017391141399318577
 ],
 "us_or_china": [
  0.11189884035975858,
  0.7192233658629297,
  0.1393595368304152,
  0.02951825694689658
 ],
 "moral_state": [
  0.5408329835226295,
  0.3674180057267226,
  0.040008219858981474,
  0.05174079089166626
 ],
 "moral_affair": [
  0.079475109700433,
  0.7958586542746829,
  0.10778629714670586,
  0.016879938878178156
 ],
 "moral_homosexuality": [
  0.10871987445500635,
  0.6879207646275839,
  0.16674973452391745,
  0.036609626393492446
 ],
 "moral_abortion": [
  0.10320142539324367,
  0.7099156152019975,
  0.13350497854296098,
  0.053377980861797826
 ],
 "moral_gambling": [
  0.03232068370473026,
  0.8479382837846404,
  0.11047201347366746,
  0.009269019036961833
 ],
 "moral_contraceptives": [
  0.2611709944104305,
  0.5171258852334109,
  0.1634453730344489,
  0.05825774732170965
 ],
 "moral_marijuana": [
  0.04379118151385508,
  0.8366519697411909,
  0.1147428345179563,
  0.004814014226997692
 ],
 "moral_alcohol": [
  0.07128634899509062,
  0.7747762772343394,
  0.13669475959759012,
  0.01724261417297997
 ],
 "moral_divorce": [
  0.12021695460729423,
  0.6754260361054457,
  0.13876748527786753,
  0.06558952400939252
 ],
 "believe_god": [
  0.13617230433388242,
  0.8638276956661176
 ],
 "citizen_religion": [
  0.6746176804863983,
  0.21709995979996957,
  0.05590523466412695,
  0.0523771250495052
 ],
 "citizen_vote": [
  0.8861502922682026,
  0.07787929572000407,
  0.014376551011802522,
  0.021593860999990673
 ],
 "citizen_follow": [
  0.6480157646032481,
  0.23917374154357593,
  0.046511202302414206,
  0.06629929155076193
 ],
 "citizen_environment": [
  0.6368570942666953,
  0.26697943360246246,
  0.039418979898805516,
  0.05674449223203675
 ],
 "citizen_protest": [
  0.5319527073384012,
  0.3296811476271598,
  0.05742503783478248,
  0.08094110719965644
 ],
 "polsys_country": [
  0.35183253961322,
  0.38703250639300874,
  0.16758773738502925,
  0.09354721660874214
 ],
 "elections_four": [
  0.44115398489561014,
  0.3660296745781809,
  0.07648855640785736,
  0.1163277841183516
 ],
 "elections_five": [
  0.33219538245417685,
  0.24005566304154016,
  0.2541746211035736,
  0.07859139294209432,
  0.09498294045861504
 ],
 "officials_trait_understand": [
  0.15389418564542157,
  0.13827431056519543,
  0.38239341752811246,
  0.20761510304653927,
  0.1178229832147313
 ],
 "officials_trait_focus": [
  0.1569081692465062,
  0.17444616395985701,
  0.37715723958679814,
  0.17269291451565458,
  0.11879551269118395
 ],
 "officials_trait_qualified": [
  0.20607351704026294,
  0.17606413880582397,
  0.360890783199452,
  0.1587455863684601,
  0.09822597458600107
 ],
 "officials_trait_ethical": [
  0.1673002362900246,
  0.16272306530722497,
  0.37584404280752415,
  0.1862763131788337,
  0.10785634241639255
 ],
 "officials_trait_honest": [
  0.13256145517317483,
  0.12419694132586155,
  0.39575776400655865,
  0.21429694577141795,
  0.13318689372298695
 ],
 "intthreat_climatechange": [
  0.5949713737482984,
  0.2639193094954616,
  0.14110931675623992
 ],
 "intthreat_econcondition": [
  0.5517112842824853,
  0.3198021328447824,
  0.12848658287273232
 ],
 "intthreat_disease": [
  0.7334299522615361,
  0.18893577310714205,
  0.07763427463132194
 ],
 "intthreat_misinfo": [
  0.7265137236779912,
  0.19241473016999144,
  0.08107154615201739
 ],
 "intthreat_terrorism": [
  0.8103766209575726,
  0.12220929766898445,
  0.06741408137344301
 ],
 "ai_heard": [
  0.17325175132075077,
  0.3894633286111521,
  0.43728492006809716
 ],
 "ai_cncexc": [
  0.22055562025661682,
  0.2522469972545708,
  0.5271973824888123
 ],
 "aireg_us": [
  0.2616541123455296,
  0.4354350558635335,
  0.060482803334343936,
  0.12612639802764045,
  0.11630163042895265
 ],
 "aireg_china": [
  0.08225839468447024,
  0.20833910331860114,
  0.10508582986877096,
  0.4525279154964713,
  0.15178875663168642
 ],