{
 "econ_sit": [
  0.027807345126684774,
  0.35633724447521736,
  0.4570365394612573,
  0.15881887093684066
 ],
 "satisfied_democracy": [
  0.20136336911817057,
  0.4124673161643808,
  0.1869152559058943,
  0.1992540588115543
 ],
 "fav_us": [
  0.061047971684893024,
  0.2725354993661117,
  0.45876577686005315,
  0.20765075208894204
 ],
 "fav_china": [
  0.031965638737514346,
  0.270152755300113,
  0.5379206893452596,
  0.159960916617113
 ],
 "fav_eu": [
  0.2715470823163519,
  0.4400763799745987,
  0.20904828999977357,
  0.0793282477092758
 ],
 "fav_un": [
  0.16070247158581719,
  0.5622438377230469,
  0.22989320894047174,
  0.04716048175066433
 ],
 "fav_nato": [
  0.23031184211289965,
  0.5239857841328778,
  0.1785575284338551,
  0.06714484532036744
 ],
 "fav_russia": [
  0.026111239160316976,
  0.12100116095098724,
  0.37252944271770455,
  0.48035815717099123
 ],
 "fav_israel": [
  0.05752248133290332,
  0.26898555950607095,
  0.5156993732254008,
  0.15779258593562495
 ],
 "fav_india": [
  0.041222214026078306,
  0.6061444569674871,
  0.31966202399553567,
  0.032971305010898865
 ],
 "partyfav_germany_cdu": [
  0.08229335798414358,
  0.384531855634708,
  0.37544910259554787,
  0.15772568378560067
 ],
 "partyfav_germany_spd": [
  0.07807524308604172,
  0.4966133256370911,
  0.28717432902850326,
  0.1381371022483638
 ],
 "partyfav_germany_afd": [
  0.07364805443683584,
  0.13722221247329647,
  0.1940474285837827,
  0.595082304506085
 ],
 "partyfav_germany_greens": [
  0.12931946239099917,
  0.38600035986921516,
  0.23868621917259114,
  0.24599395856719453
 ],
 "partyfav_germany_fdp": [
  0.04487522175809298,
  0.3185651235716099,
  0.4293779411105864,
  0.20718171355971074
 ],
 "confid_trump": [
  0.05099228426352423,
  0.13223205361681942,
  0.14842530825437764,
  0.6683503538652787,
  0.0
 ],
 "confid_xi": [
  0.025166803677839664,
  0.23351616186194243,
  0.31174793595182065,
  0.42956909850839725,
  0.0
 ],
 "confid_putin": [
  0.040625248756903036,
  0.0916047168311493,
  0.13536188314907507,
  0.7324081512628726,
  0.0
 ],
 "confid_macron": [
  0.3038776548864068,
  0.4901149693705201,
  0.11630134628127974,
  0.08970602946179332,
  0.0
 ],
 "confid_netanyahu": [
  0.023344959241251184,
  0.1962542599867528,
  0.3081802127435687,
  0.47222056802842727,
  0.0
 ],
 "confid_zelenskyy": [
  0.20919343210741706,
  0.44131725774988967,
  0.14297280703518622,
  0.20651650310750708,
  0.0
 ],
 "trump_personality_qualified": [
  0.17817829837809723,
  0.8218217016219028
 ],
 "trump_personality_strong": [
  0.5224829973053493,
  0.4775170026946507
 ],
 "trump_personality_honest": [
  0.19988267457423303,
  0.8001173254257671
 ],
 "trump_personality_dangerous": [
  0.8243385099859666,
  0.17566149001403347
 ],
 "trump_personality_complex": [
  0.2516426105509764,
  0.7483573894490236
 ],
 "trump_personality_diplomatic": [
  0.15697699015819266,
  0.8430230098418073
 ],
 "trump_personality_arrogant": [
  0.8974594593779335,
  0.10254054062206655
 ],
 "trump_handling_econ": [
  0.059265240298593876,
  0.19598142907973504,
  0.25732657470707193,
  0.4874267559145991
 ],
 "trump_handling_climate": [
  0.04763955518606213,
  0.11472292714254699,
  0.12911351158653323,
  0.7085240060848577
 ],
 "trump_handling_china": [
  0.043531797415579485,
  0.25583559862529026,
  0.3300895620722991,
  0.370543041886831
 ],
 "trump_handling_rusukr": [
  0.07722549181426579,
  0.17971458000316096,
  0.23326642299827674,
  0.5097935051842966
 ],
 "trump_handling_isrneigh": [
  0.05079255302222,
  0.23276917783969564,
  0.254315865387556,
  0.4621224037505284
 ],
 "trump_handling_immigration": [
  0.11180073962367175,
  0.1612777890643169,
  0.20863896222841002,
  0.5182825090836014
 ],
 "usdem_works": [
  0.052522689612715126,
  0.25553381459226765,
  0.47100935692117857,
  0.22093413887383867
 ],
 "conflict_usparties": [
  0.4471537080689251,
  0.38173285620250036,
  0.15063411842526636,
  0.02047931730330813
 ],
 "econ_power": [
  0.28046772599409486,
  0.5574257197268622,
  0.048735407234915415,
  0.10266674646018469,
  0.004395802091104795,
  0.006308598492838022
 ],
 "us_or_china": [
  0.26661432921646844,
  0.48800580931482046,
  0.22937626496972588,
  0.016003596498985206
 ],
 "moral_state": [
  0.07787538345661627,
  0.6516681124074765,
  0.22263966370527663,
  0.04781684043063057
 ],
 "moral_affair": [
  0.22243704522228255,
  0.5547574404721082,
  0.20924955177297563,
  0.013555962532633643
 ],
 "moral_homosexuality": [
  0.5585343001446201,
  0.04885373265286887,
  0.3862151024028627,
  0.006396864799648229
 ],
 "moral_abortion": [
  0.5467624404908986,
  0.15366261506478882,
  0.2666703400831861,
  0.03290460436112641
 ],
 "moral_gambling": [
  0.25833118163583235,
  0.32561599763151183,
  0.408190121005407,
  0.007862699727248807
 ],
 "moral_contraceptives": [
  0.6788786777361279,
  0.021448632024660304,
  0.29278505328276394,
  0.006887636956447858
 ],
 "moral_pornography": [
  0.3464576462645552,
  0.28599341791523764,
  0.35067651228179786,
  0.01687242353840925
 ],
 "moral_marijuana": [
  0.3118859025072244,
  0.25519527567300737,
  0.4226228826965649,
  0.010295939123203313
 ],
 "moral_alcohol": [
  0.49949775308995575,
  0.11148232620299986,
  0.37743579410147,
  0.011584126605574532
 ],
 "moral_divorce": [
  0.5931999453138069,
  0.05300851184988986,
  0.3349770586256483,
  0.018814484210654993
 ],
 "believe_god": [
  0.7875619006731591,
  0.2124380993268409
 ],
 "polsys_country": [
  0.0819918272946998,
  0.4024216468791606,
  0.39467871533232907,
  0.12090781049381057
 ],
 "officials_trait_understand": [
  0.026583033392701395,
  0.23139611440283653,
  0.2962413318746223,
  0.37499891565950244,
  0.07078060467033724
 ],
 "officials_trait_focus": [
  0.03319083658547603,
  0.26786483639184955,
  0.3096538212993307,
  0.32839017232398715,
  0.06090033339935653
 ],
 "officials_trait_qualified": [
  0.0278118945712614,
  0.2779395099463786,
  0.32115160541623194,
  0.3159088027668243,
  0.05718818729930372
 ],
 "officials_trait_ethical": [
  0.030043407976721427,
  0.34413676686353345,
  0.2861449455588864,
  0.2892969529508481,
  0.05037792665001059
 ],
 "officials_trait_honest": [
  0.018611745267961038,
  0.24381254848516143,
  0.2879926197066664,
  0.3574729862302636,
  0.09211010030994753
 ],
 "intthreat_climatechange": [
  0.6699142730268755,
  0.24919321408982056,
  0.08089251288330396
 ],
 "intthreat_econcondition": [
  0.598243356946917,
  0.3665984947695603,
  0.03515814828352274
 ],
 "intthreat_disease": [
  0.2786423272645107,
  0.648794061795087,
  0.07256361094040231
 ],
 "intthreat_misinfo": [
  0.8162286479128549,
  0.14595437144713924,
  0.03781698064000588
 ],
 "intthreat_terrorism": [
  0.588162417330741,
  0.392904145904781,
  0.018933436764477864
 ],
 "ai_heard": [
  0.5141302712936676,
  0.4497788193005399,
  0.036090909405792335
 ],
 "ai_cncexc": [
  0.17557461907232833,
  0.2902043614901182,
  0.5342210194375535
 ],
 "aireg_us": [
  0.06464731995463245,
  0.26093354310448247,
  0.28663869341022163,
  0.275539995926085,
  0.11224044760457849
 ],
 "aireg_china": [
  0.04326191336339837,
  0.18663071917111357,
  0.2787830084437809,
  0.3694362897163489,
  0.12188806930535827
 ],
 "aireg_eu": [
  0.22440635640356865,
  0.4832449124124594,
  0.12426550427993033,
  0.08503843813234664,
  0.08304478877169508
 ],
 "aireg_country": [
  0.2217314461777024,
  0.4796550168386697,
  0.13645051011776818,
  0.06496406673627356,
  0.09719896012958612
 ],
 "religion_import": [
  0.15066175026068512,
  0.25879879725221383,
  0.3020330196450868,
  0.2885064328420143
 ],
 "pray_freq": [
  0.0706829187625581,
  0.08983463648565151,
  0.0720021871035125,
  0.0412794984315656,
  0.07254132040190682,
  0.20048514526196995,
  0.4531742935528355
 ],
 "d_ptyid_proximity_lean": [
  0.5265580011189416,
  0.4734419988810583
 ],