{
 "econ_sit": [
  0.02210362554462963,
  0.1612669325137749,
  0.45282394484566946,
  0.3638054970959259
 ],
 "satisfied_democracy": [
  0.057172709877211764,
  0.2754677257702207,
  0.2838034070725029,
  0.38355615728006476
 ],
 "fav_us": [
  0.052472927653072335,
  0.3283316292599069,
  0.35942747433914185,
  0.25976796874787905
 ],
 "fav_china": [
  0.07096236765798832,
  0.3144820873056912,
  0.42738676449178364,
  0.18716878054453684
 ],
 "fav_eu": [
  0.12230172814263644,
  0.4447222829375771,
  0.2788890976916496,
  0.1540868912281369
 ],
 "fav_un": [
  0.11416846589193545,
  0.49352547241096506,
  0.26368475694321636,
  0.12862130475388317
 ],
 "fav_nato": [
  0.09963733387497592,
  0.5118883640813578,
  0.26798727197802413,
  0.12048703006564215
 ],
 "fav_russia": [
  0.048921708340423906,
  0.14125269062750512,
  0.3065725707773669,
  0.5032530302547041
 ],
 "fav_israel": [
  0.046899807349070725,
  0.26474746452302655,
  0.366799097687531,
  0.3215536304403718
 ],
 "fav_india": [
  0.04926738863964759,
  0.5472916157480735,
  0.29813853618312,
  0.105302459429159
 ],
 "partyfav_france_lesrepublicains": [
  0.04561194529583946,
  0.350941930039816,
  0.3562582117087818,
  0.24718791295556278
 ],
 "partyfav_france_socialistparty": [
  0.04285797067004581,
  0.3360335776233309,
  0.37204688669507635,
  0.2490615650115469
 ],
 "partyfav_france_nationalrally": [
  0.10588826854437447,
  0.2557766735479571,
  0.21904375945232543,
  0.419291298455343
 ],
 "partyfav_france_renaissance": [
  0.04403052863864168,
  0.24916206623585407,
  0.3709396685123229,
  0.3358677366131812
 ],
 "partyfav_france_insoumise": [
  0.059146750883378126,
  0.17998182115412864,
  0.25294213649077624,
  0.507929291471717
 ],
 "confid_trump": [
  0.06308419350646194,
  0.15709742588957695,
  0.15780409407350918,
  0.6220142865304519,
  0.0
 ],
 "confid_xi": [
  0.041326100836046334,
  0.17218491362569804,
  0.2927942504452988,
  0.49369473509295686,
  0.0
 ],
 "confid_putin": [
  0.05501833765102285,
  0.09640813049225228,
  0.11724093325490267,
  0.7313325986018221,
  0.0
 ],
 "confid_macron": [
  0.07716427116692981,
  0.27712136394283593,
  0.23075674382402284,
  0.4149576210662114,
  0.0
 ],
 "confid_netanyahu": [
  0.027447681773477513,
  0.15204876506028434,
  0.23475909125308184,
  0.5857444619131563,
  0.0
 ],
 "confid_zelenskyy": [
  0.10937510434936708,
  0.4044044182224604,
  0.21312398323317136,
  0.27309649419500115,
  0.0
 ],
 "trump_personality_qualified": [
  0.3586518286783396,
  0.6413481713216604
 ],
 "trump_personality_strong": [
  0.6858286362868407,
  0.31417136371315935
 ],
 "trump_personality_honest": [
  0.2176679868364288,
  0.7823320131635711
 ],
 "trump_personality_dangerous": [
  0.7577111516085254,
  0.24228884839147455
 ],
 "trump_personality_complex": [
  0.461030756785009,
  0.538969243214991
 ],
 "trump_personality_diplomatic": [
  0.21956984574715632,
  0.7804301542528437
 ],
 "trump_personality_arrogant": [
  0.8969954137618098,
  0.10300458623819017
 ],
 "trump_handling_econ": [
  0.04956279728602797,
  0.18607611522644726,
  0.2225716717998355,
  0.5417894156876892
 ],
 "trump_handling_climate": [
  0.032280695432367626,
  0.09910562569854871,
  0.13319257493340947,
  0.7354211039356743
 ],
 "trump_handling_china": [
  0.056151320135910635,
  0.22614111588606806,
  0.2512898938235287,
  0.4664176701544926
 ],
 "trump_handling_rusukr": [
  0.0697369575673711,
  0.22260764630214486,
  0.19119880881931955,
  0.5164565873111645
 ],
 "trump_handling_isrneigh": [
  0.05238018580333515,
  0.1990784967862938,
  0.19716583541445212,
  0.5513754819959189
 ],
 "trump_handling_immigration": [
  0.12355728599010739,
  0.2007628992900925,
  0.15283759452153733,
  0.5228422201982628
 ],
 "usdem_works": [
  0.05221984866564851,
  0.32722757486532783,
  0.40441677977722595,
  0.21613579669179767
 ],
 "conflict_usparties": [
  0.3586207764413982,
  0.3632431610849245,
  0.23344164742694598,
  0.044694415046731245
 ],
 "econ_power": [
  0.3759298905408499,
  0.4968647991394511,
  0.0401760614096366,
  0.0852346617209445,
  0.0017945871891180236,
  0.0
 ],
 "us_or_china": [
  0.33461473615900506,
  0.5297022012970418,
  0.09100664311968279,
  0.04467641942427028
 ],
 "moral_state": [
  0.03375719587242196,
  0.5275534103926458,
  0.3249105327781783,
  0.11377886095675399
 ],
 "moral_affair": [
  0.17382277204801788,
  0.5426122124292605,
  0.27516237615563616,
  0.008402639367085504
 ],
 "moral_homosexuality": [
  0.5328924991515096,
  0.11673638931751219,
  0.3496074395146956,
  0.0007636720162825241
 ],
 "moral_abortion": [
  0.5178407435773783,
  0.11360342260024654,
  0.32009342524145806,
  0.048462408580916966
 ],
 "moral_gambling": [
  0.3299820955250776,
  0.32344927971889326,
  0.33752927288500895,
  0.009039351871020038
 ],
 "moral_contraceptives": [
  0.6774418386875835,
  0.024841331377827146,
  0.2927229861551882,
  0.00499384377940128
 ],
 "moral_pornography": [
  0.2508023136507429,
  0.4337658026671187,
  0.2986314078227763,
  0.01680047585936207
 ],
 "moral_marijuana": [
  0.21239737491765645,
  0.515070377901617,
  0.26327299176493707,
  0.009259255415789395
 ],
 "moral_alcohol": [
  0.4044903990227703,
  0.19892093822429466,
  0.36832039724855825,
  0.028268265504376795
 ],
 "moral_divorce": [
  0.6021054810178795,
  0.06446245669198744,
  0.3193049632892968,
  0.014127099000836231
 ],
 "believe_god": [
  0.8407112405190637,
  0.1592887594809364
 ],
 "polsys_country": [
  0.21797709579339083,
  0.5289322763387099,
  0.1966965263811201,
  0.05639410148677925
 ],
 "officials_trait_understand": [
  0.019450638450688302,
  0.1541248434268737,
  0.32883261289777277,
  0.3316187165576413,
  0.16597318866702396
 ],
 "officials_trait_focus": [
  0.042413997891022855,
  0.17083538274610932,
  0.38007910560138586,
  0.27233073845125855,
  0.13434077531022345
 ],
 "officials_trait_qualified": [
  0.03982951880948511,
  0.26047331872426205,
  0.3696311514113979,
  0.22939986836508233,
  0.10066614268977253
 ],
 "officials_trait_ethical": [
  0.026622217421701105,
  0.2139014184867854,
  0.366228725475523,
  0.2865026376950467,
  0.10674500092094372
 ],
 "officials_trait_honest": [
  0.021085504720397396,
  0.19607744752082717,
  0.33152780706868623,
  0.27903332969202566,
  0.1722759109980635
 ],
 "intthreat_climatechange": [
  0.7887746964605019,
  0.1561934664645148,
  0.0550318370749833
 ],
 "intthreat_econcondition": [
  0.7001840711308869,
  0.26016980752699465,
  0.03964612134211843
 ],
 "intthreat_disease": [
  0.5636214687112765,
  0.3879556294128992,
  0.048422901875824306
 ],
 "intthreat_misinfo": [
  0.8027908557402988,
  0.1723956702636212,
  0.024813473996079943
 ],
 "intthreat_terrorism": [
  0.8426339010312441,
  0.14863590946972127,
  0.008730189499034542
 ],
 "ai_heard": [
  0.5161088336313234,
  0.39952277784002443,
  0.08436838852865218
 ],
 "ai_cncexc": [
  0.14836510412380627,
  0.35634611307429975,
  0.4952887828018939
 ],
 "aireg_us": [
  0.06109378086466867,
  0.1539053270653817,
  0.3131162701469005,
  0.398154247840417,
  0.07373037408263206
 ],
 "aireg_china": [
  0.06033327215902641,
  0.11057053357710236,
  0.2963883528835665,
  0.45197020128937115,
  0.08073764009093355
 ],
 "aireg_eu": [
  0.14509462751935776,
  0.32513744623883883,
  0.2958063026637305,
  0.1662757783033243,
  0.06768584527474855
 ],
 "aireg_country": [
  0.16668718683554168,
  0.3059905805504495,
  0.3128028438769893,
  0.13507227457671014,
  0.0794471141603093
 ],
 "religion_import": [
  0.15656811981935193,
  0.2024477688007441,
  0.29368576686965586,
  0.34729834451024816
 ],
 "pray_freq": [
  0.08669452071723877,
  0.06589329677505883,
  0.05369946008347272,
  0.029954677074721856,
  0.04616356740609964,
  0.1863975715377034,
  0.5311969064057048
 ],
 "d_ptyid_proximity_lean": [
  0.34734456828595306,
  0.6526554317140468
 ],