{
 "econ_sit": [
  0.036749670773183564,
  0.27238648505752044,
  0.3374592753620705,
  0.3534045688072256
 ],
 "satisfied_democracy": [
  0.06415618707416225,
  0.3387645386303276,
  0.2687314564976537,
  0.32834781779785654
 ],
 "fav_us": [
  0.07702142796398034,
  0.5374377730799957,
  0.3052114674122422,
  0.0803293315437818
 ],
 "fav_china": [
  0.048776308046425076,
  0.5101558055958073,
  0.3778349930151759,
  0.06323289334259172
 ],
 "fav_eu": [
  0.04676314775146707,
  0.5523381804837182,
  0.34178386137407996,
  0.05911481039073482
 ],
 "fav_un": [
  0.04251493255914689,
  0.5570884601176136,
  0.3351715613268727,
  0.0652250459963668
 ],
 "fav_russia": [
  0.016894530244476912,
  0.2401109079466664,
  0.5883585749450995,
  0.15463598686375718
 ],
 "fav_israel": [
  0.04449061961827804,
  0.31194896861853244,
  0.4850599659041778,
  0.15850044585901157
 ],
 "fav_india": [
  0.02496971359779511,
  0.4056789076727818,
  0.480531944365199,
  0.08881943436422418
 ],
 "partyfav_brazil_pl": [
  0.041712589678312616,
  0.40398084682836555,
  0.4340685668176298,
  0.12023799667569211
 ],
 "partyfav_brazil_pt": [
  0.07397348061710968,
  0.3598150433529562,
  0.3459407466139014,
  0.2202707294160327
 ],
 "partyfav_brazil_mdb": [
  0.029776009413400212,
  0.4257012703777391,
  0.4611126740992347,
  0.08341004610962616
 ],
 "partyfav_brazil_republicans": [
  0.02349856476278838,
  0.3618019295197902,
  0.5244714134261761,
  0.09022809229124543
 ],
 "partyfav_brazil_pp": [
  0.03759188066103063,
  0.31890619350226673,
  0.5243229799117778,
  0.11917894592492488
 ],
 "confid_trump": [
  0.14156932487831272,
  0.21867884139244587,
  0.12367232371446192,
  0.5160795100147795,
  0.0
 ],
 "confid_xi": [
  0.04949044328040908,
  0.20458230145179468,
  0.1785793177307242,
  0.5673479375370721,
  0.0
 ],
 "confid_putin": [
  0.03018616184312381,
  0.14892581687206258,
  0.1811247786934736,
  0.63976324259134,
  0.0
 ],
 "confid_macron": [
  0.07591353279442334,
  0.23971581742717155,
  0.2222655496721366,
  0.4621051001062685,
  0.0
 ],
 "confid_netanyahu": [
  0.09754821960937658,
  0.19974154693606364,
  0.1910916725673862,
  0.5116185608871735,
  0.0
 ],
 "confid_zelenskyy": [
  0.09417317391253018,
  0.22403384052464748,
  0.20504356075034555,
  0.4767494248124768,
  0.0
 ],
 "trump_personality_qualified": [
  0.46238405962794343,
  0.5376159403720565
 ],
 "trump_personality_strong": [
  0.7815231193872108,
  0.21847688061278933
 ],
 "trump_personality_honest": [
  0.3693453973509981,
  0.630654602649002
 ],
 "trump_personality_dangerous": [
  0.6662285893159642,
  0.3337714106840359
 ],
 "trump_personality_complex": [
  0.5039808772243085,
  0.4960191227756914
 ],
 "trump_personality_diplomatic": [
  0.5461087637064941,
  0.4538912362935059
 ],
 "trump_personality_arrogant": [
  0.7819897517260322,
  0.21801024827396778
 ],
 "trump_handling_econ": [
  0.1221646981241111,
  0.2630329352843753,
  0.14248657737960457,
  0.47231578921190903
 ],
 "trump_handling_climate": [
  0.09421809051589863,
  0.22525646789833073,
  0.1794497538875403,
  0.5010756876982303
 ],
 "trump_handling_china": [
  0.10389618816402786,
  0.22894683586769143,
  0.19701551695622185,
  0.47014145901205884
 ],
 "trump_handling_rusukr": [
  0.12115994854126333,
  0.17660793173955186,
  0.14952735384605326,
  0.5527047658731316
 ],
 "trump_handling_isrneigh": [
  0.13804583882922492,
  0.18084644496249588,
  0.16078462477648087,
  0.5203230914317983
 ],
 "trump_handling_immigration": [
  0.1143504075363087,
  0.19995727552947495,
  0.15719627398233949,
  0.5284960429518769
 ],
 "usdem_works": [
  0.1229267271507167,
  0.4851484391374448,
  0.23700880285757644,
  0.15491603085426214
 ],
 "conflict_usparties": [
  0.2467936384392215,
  0.4208831320488345,
  0.21561096497371388,
  0.11671226453823016
 ],
 "econ_power": [
  0.42610473776141244,
  0.3828861349607026,
  0.13716189402389634,
  0.040834555047988,
  0.004311406004005783,
  0.008701272201994768
 ],
 "us_or_china": [
  0.37849338673862803,
  0.5343286231422147,
  0.06898803104879515,
  0.018189959070362076
 ],
 "moral_state": [
  0.08943767022167626,
  0.42566863534716176,
  0.3605243245992697,
  0.12436936983189215
 ],
 "moral_affair": [
  0.07189409728529196,
  0.7838308806089194,
  0.14028015389894544,
  0.003994868206843027
 ],
 "moral_homosexuality": [
  0.4338948772485899,
  0.28312555624464913,
  0.27644547160608907,
  0.006534094900671943
 ],
 "moral_abortion": [
  0.097361560921058,
  0.7332227751867527,
  0.1366364828576812,
  0.032779181034508116
 ],
 "moral_gambling": [
  0.15232911646685693,
  0.6161060047802779,
  0.21789867539114177,
  0.013666203361723483
 ],
 "moral_contraceptives": [
  0.5966511515203567,
  0.19427100594093535,
  0.20022121392637976,
  0.008856628612328188
 ],
 "moral_pornography": [
  0.08723596798782425,
  0.6948717752207573,
  0.21299944648216035,
  0.004892810309258062
 ],
 "moral_marijuana": [
  0.16887056409108314,
  0.6380777002675008,
  0.18525690013824214,
  0.007794835503173877
 ],
 "moral_alcohol": [
  0.4249509837281206,
  0.3198918444992,
  0.24264530069929452,
  0.012511871073384681
 ],
 "moral_divorce": [
  0.5746650966388797,
  0.21352996425453125,
  0.19262899940137435,
  0.019175939705214567
 ],
 "believe_god": [
  0.2603959178167392,
  0.7396040821832609
 ],
 "citizen5_religion": [
  0.09109106447989479,
  0.16508950409361028,
  0.5581399670883895,
  0.1272784481685268,
  0.058401016169578504
 ],
 "citizen5_vote": [
  0.21812049475014672,
  0.21790240377443096,
  0.44893462685096625,
  0.055531622652118195,
  0.05951085197233783
 ],
 "citizen5_follow": [
  0.1570909644831486,
  0.18518879120398452,
  0.518492756254986,
  0.08427077906652872,
  0.05495670899135222
 ],
 "citizen5_environment": [
  0.24160202220629712,
  0.21220470104016675,
  0.457815451121025,
  0.06210282066226541,
  0.026275004970245753
 ],
 "citizen5_protest": [
  0.08964402966027792,
  0.14846889305842043,
  0.4339887556544676,
  0.1758733941009464,
  0.1520249275258875
 ],
 "polsys_country": [
  0.24871419477577952,
  0.6255646144320648,
  0.07990805008264502,
  0.04581314070951065
 ],
 "elections_four": [
  0.19875892003838808,
  0.3757728665256826,
  0.16977097043775352,
  0.25569724299817587
 ],
 "elections_five": [
  0.07113032763471215,
  0.1700790096250828,
  0.3619271304725537,
  0.15645026434986836,
  0.24041326791778297
 ],
 "officials_trait_understand": [
  0.038216232930001204,
  0.07391479927253398,
  0.27763825849299906,
  0.40314728430824115,
  0.2070834249962246
 ],
 "officials_trait_focus": [
  0.013893059270990094,
  0.08309670359238393,
  0.27388520054137117,
  0.4135423357173561,
  0.2155827008778987
 ],
 "officials_trait_qualified": [
  0.035973190763242686,
  0.11020000199865271,
  0.2857124122740716,
  0.4063938388022406,
  0.16172055616179232
 ],
 "officials_trait_ethical": [
  0.012158709382307113,
  0.07866870519621344,
  0.2526575268956081,
  0.43727341947935544,
  0.2192416390465159
 ],
 "officials_trait_honest": [
  0.010265042139640839,
  0.04787508159704284,
  0.26599386842048506,
  0.3968833887178062,
  0.2789826191250251
 ],
 "intthreat_climatechange": [
  0.7917589817681825,
  0.15790910034400965,
  0.05033191788780783
 ],
 "intthreat_econcondition": [
  0.7995749044323229,
  0.15693555683192822,
  0.04348953873574876
 ],
 "intthreat_disease": [
  0.9133580609930233,
  0.06526659998168842,
  0.021375339025288227
 ],
 "intthreat_misinfo": [
  0.8546544130400149,
  0.10943902601900163,
  0.035906560940983524
 ],
 "intthreat_terrorism": [
  0.7748959690491435,
  0.14005156648491454,
  0.08505246446594188
 ],
 "ai_heard": [
  0.21768553437155794,
  0.4749947019526595,
  0.30731976367578234
 ],
 "ai_cncexc": [
  0.10280874604759098,
  0.5048524082601591,
  0.39233884569225
 ],
 "aireg_us": [
  0.17772371130960404,
  0.18007603148059617,
  0.28834534508921356,
  0.1663557075248519,
  0.18749920459573435
 ],