{
 "econ_sit": [
  0.014792868636181436,
  0.1501770822480756,
  0.4661764425364081,
  0.3688536065793349
 ],
 "satisfied_democracy": [
  0.01359649295891517,
  0.22307135346102808,
  0.5137472933867152,
  0.24958486019334158
 ],
 "fav_us": [
  0.07010027135488721,
  0.4894677504875155,
  0.374545058065433,
  0.06588692009216442
 ],
 "fav_china": [
  0.010479637322177006,
  0.11831098602359101,
  0.40587120058615794,
  0.4653381760680741
 ],
 "fav_eu": [
  0.07649901291873745,
  0.5914679907955235,
  0.28328574098727144,
  0.048747255298467594
 ],
 "fav_un": [
  0.04991160881083441,
  0.36358498684681073,
  0.4426943295438359,
  0.14380907479851882
 ],
 "fav_russia": [
  0.011525545107687237,
  0.06704841380406044,
  0.3482376184986724,
  0.5731884225895799
 ],
 "fav_israel": [
  0.007262757108806164,
  0.13519114645643396,
  0.5171992349143848,
  0.34034686152037497
 ],
 "fav_india": [
  0.05724832913696073,
  0.5472155163703709,
  0.32776363593897645,
  0.06777251855369185
 ],
 "partyfav_japan_ldp": [
  0.020033093860157444,
  0.238406399619879,
  0.45605221964510906,
  0.2855082868748545
 ],
 "partyfav_japan_cdp": [
  0.008089083384284382,
  0.28183649521329107,
  0.47017294168900764,
  0.23990147971341685
 ],
 "partyfav_japan_komeito": [
  0.027398516902806595,
  0.18479777513938994,
  0.4499038970275395,
  0.337899810930264
 ],
 "partyfav_japan_ishin": [
  0.035972190518722795,
  0.3044307188574828,
  0.43911846829966816,
  0.22047862232412635
 ],
 "confid_trump": [
  0.07139304730838276,
  0.3122908067886033,
  0.37335120447634884,
  0.24296494142666505,
  0.0
 ],
 "confid_xi": [
  0.003470164051596282,
  0.07874696088340362,
  0.3612324317333042,
  0.5565504433316959,
  0.0
 ],
 "confid_putin": [
  0.014145511821805266,
  0.06438061625222555,
  0.2561864846994448,
  0.6652873872265244,
  0.0
 ],
 "confid_macron": [
  0.03417499276856101,
  0.5600838848722213,
  0.3400348593216938,
  0.06570626303752393,
  0.0
 ],
 "confid_netanyahu": [
  0.006917816674486543,
  0.11051737517030899,
  0.5555420753502802,
  0.3270227328049243,
  0.0
 ],
 "confid_zelenskyy": [
  0.09977460329421109,
  0.46624274549053357,
  0.3347162833439159,
  0.09926636787133947,
  0.0
 ],
 "trump_personality_qualified": [
  0.430159725858062,
  0.5698402741419379
 ],
 "trump_personality_strong": [
  0.7053420827450292,
  0.2946579172549707
 ],
 "trump_personality_honest": [
  0.3115700243266637,
  0.6884299756733363
 ],
 "trump_personality_dangerous": [
  0.627859680018013,
  0.372140319981987
 ],
 "trump_personality_complex": [
  0.4348328402214054,
  0.5651671597785947
 ],
 "trump_personality_diplomatic": [
  0.5258555191699388,
  0.47414448083006117
 ],
 "trump_personality_arrogant": [
  0.8030462171156804,
  0.1969537828843197
 ],
 "trump_handling_econ": [
  0.047719471562032566,
  0.26296216676798745,
  0.47999932041728977,
  0.20931904125269024
 ],
 "trump_handling_climate": [
  0.05170678090856327,
  0.18315193563650667,
  0.42391922372506696,
  0.341222059729863
 ],
 "trump_handling_china": [
  0.05610110534416388,
  0.2516119971514478,
  0.4974426842279954,
  0.19484421327639295
 ],
 "trump_handling_rusukr": [
  0.045835269631589445,
  0.2797630414786515,
  0.39823772864715273,
  0.27616396024260637
 ],
 "trump_handling_isrneigh": [
  0.02534583288807016,
  0.21487066120145681,
  0.5185414060402969,
  0.24124209987017614
 ],
 "trump_handling_immigration": [
  0.1061369642085167,
  0.2715521918309992,
  0.414151008800035,
  0.20815983516044914
 ],
 "usdem_works": [
  0.04617557916987691,
  0.47095784418943043,
  0.431944632273515,
  0.050921944367177695
 ],
 "conflict_usparties": [
  0.2678494486116411,
  0.5257986125873197,
  0.1869276079256325,
  0.01942433087540669
 ],
 "econ_power": [
  0.6908854372367526,
  0.11093954222265008,
  0.06691942156869815,
  0.1054535500916866,
  0.0035802611872310973,
  0.02222178769298168
 ],
 "us_or_china": [
  0.18515604903076213,
  0.7851099255605977,
  0.018300457766087207,
  0.011433567642552942
 ],
 "moral_state": [
  0.23915797670155003,
  0.59752890176127,
  0.13593197960352554,
  0.02738114193365451
 ],
 "moral_affair": [
  0.13468327286804127,
  0.6586763441269815,
  0.20524769103657464,
  0.0013926919684024625
 ],
 "moral_homosexuality": [
  0.4671434842438757,
  0.2108424824729139,
  0.3199574681273525,
  0.002056565155857927
 ],
 "moral_abortion": [
  0.505623593434362,
  0.1855432923764119,
  0.29760361255452134,
  0.011229501634704674
 ],
 "moral_gambling": [
  0.29327461086515805,
  0.3991861440814581,
  0.3005909464775372,
  0.006948298575846738
 ],
 "moral_contraceptives": [
  0.7009521518014101,
  0.05777424675685967,
  0.23928698186201275,
  0.0019866195797173304
 ],
 "moral_pornography": [
  0.4320411934395207,
  0.20718884287358327,
  0.3513814473090847,
  0.009388516377811209
 ],
 "moral_marijuana": [
  0.06718854692206312,
  0.7029692579862232,
  0.22620301573851317,
  0.0036391793532004678
 ],
 "moral_alcohol": [
  0.5931031534971389,
  0.08666136589888668,
  0.3141253449412592,
  0.006110135662715177
 ],
 "moral_divorce": [
  0.5780237473030767,
  0.07257499419571636,
  0.3476580893223655,
  0.0017431691788414312
 ],
 "believe_god": [
  0.6460495825490689,
  0.35395041745093114
 ],
 "polsys_country": [
  0.14429851196456106,
  0.49761135390551214,
  0.31179883668213954,
  0.046291297447787316
 ],
 "officials_trait_understand": [
  0.010730422841177067,
  0.158792560018794,
  0.501866304431801,
  0.2780180945007623,
  0.05059261820746563
 ],
 "officials_trait_focus": [
  0.012704131309256192,
  0.1101208124929703,
  0.5995430526801424,
  0.23334656435538048,
  0.0442854391622506
 ],
 "officials_trait_qualified": [
  0.009083934301340794,
  0.13072753055727718,
  0.6130636620341746,
  0.2106367780927165,
  0.03648809501449081
 ],
 "officials_trait_ethical": [
  0.007812616458842977,
  0.1817647233402806,
  0.5501011786403851,
  0.21949394897113522,
  0.04082753258935614
 ],
 "officials_trait_honest": [
  0.012869519008648139,
  0.11315540524142616,
  0.5887535264757637,
  0.233037953434956,
  0.05218359583920597
 ],
 "intthreat_climatechange": [
  0.7895980463845811,
  0.13729971340797464,
  0.07310224020744427
 ],
 "intthreat_econcondition": [
  0.8081551953175876,
  0.15038388411742287,
  0.041460920564989574
 ],
 "intthreat_disease": [
  0.7888392749066115,
  0.17597125444449238,
  0.035189470648896236
 ],
 "intthreat_misinfo": [
  0.7821820914259597,
  0.1726701154210336,
  0.04514779315300668
 ],
 "intthreat_terrorism": [
  0.7703065197323362,
  0.1799732850877549,
  0.04972019517990897
 ],
 "ai_heard": [
  0.5267687629004293,
  0.36403182968556164,
  0.10919940741400914
 ],
 "ai_cncexc": [
  0.15955501693578836,
  0.2843912714675352,
  0.5560537115966764
 ],
 "aireg_us": [
  0.0418786676666787,
  0.36905782969709683,
  0.271837498733635,
  0.04976904346650555,
  0.26745696043608386
 ],
 "aireg_china": [
  0.004177216057638018,
  0.06634224516399001,
  0.34379671006799284,
  0.390163435482895,
  0.1955203932274841
 ],
 "aireg_eu": [
  0.0561424184010048,
  0.3708132051083624,
  0.16963571158302657,
  0.03680566516483351,
  0.3666029997427728
 ],
 "aireg_country": [
  0.06581501947437739,
  0.3400018344199408,
  0.32071723084814874,
  0.06783398582397096,
  0.20563192943356207
 ],
 "religion_import": [
  0.06991600925896001,
  0.2669271240138145,
  0.35524541682610694,
  0.3079114499011186
 ],
 "pray_freq": [
  0.08965305586087537,
  0.12215659467326344,
  0.02739441633512644,
  0.019794021281690537,
  0.11703445428375649,
  0.17695255937008203,
  0.4470148981952057
 ],
 "d_ptyid_proximity_lean": [
  0.37575755459630816,
  0.6242424454036919
 ],
 "political_scale3": [
  0.06652345413511221,
  0.030893388941255293,
  0.08981783030963887,
  0.3856166509557941,
  0.1780643528549217,
  0.10806211683242463,
  0.14102220597085308
 ],
 "trust_people": [
  0.6687332187329275,
  0.33126678126707254
 ],