{
 "econ_sit": [
  0.025248672126317744,
  0.3510741120644378,
  0.4939838988136914,
  0.12969331699555303
 ],
 "satisfied_democracy": [
  0.12469336456737323,
  0.4844018615938037,
  0.28942083892179976,
  0.10148393491702329
 ],
 "fav_us": [
  0.0572834842851116,
  0.23136558490161097,
  0.3942628668293192,
  0.3170880639839582
 ],
 "fav_china": [
  0.017523311951691222,
  0.21799788761353842,
  0.45181900134125125,
  0.3126597990935191
 ],
 "fav_eu": [
  0.14446528465438965,
  0.5902494045412047,
  0.19868954935439714,
  0.06659576145000862
 ],
 "fav_un": [
  0.10956163461630421,
  0.5242549562896668,
  0.25098258739469076,
  0.11520082169933826
 ],
 "fav_russia": [
  0.006429583417292064,
  0.07091716636050624,
  0.2642528150750876,
  0.6584004351471141
 ],
 "fav_israel": [
  0.04710110683539652,
  0.2031849339373329,
  0.35907294572020304,
  0.3906410135070676
 ],
 "fav_india": [
  0.0266470728442499,
  0.43211923845964034,
  0.4164489202742304,
  0.1247847684218795
 ],
 "partyfav_australia_labor": [
  0.10619496207423892,
  0.44728227840053597,
  0.2764619258890831,
  0.17006083363614202
 ],
 "partyfav_australia_liberal": [
  0.07950670796822004,
  0.2672717595003149,
  0.3447465661134967,
  0.30847496641796834
 ],
 "partyfav_australia_greens": [
  0.1300881840079917,
  0.3593979091611115,
  0.25650741047156067,
  0.2540064963593361
 ],
 "partyfav_australia_onenation": [
  0.05577303285348652,
  0.21658322372862288,
  0.23147780209111166,
  0.4961659413267789
 ],
 "confid_trump_dk": [
  0.07342869840131869,
  0.14742805439391476,
  0.1929190795190057,
  0.5808256199102847,
  0.0053985477754761755
 ],
 "confid_xi_dk": [
  0.020929113240663162,
  0.15253634801468127,
  0.3565684672316281,
  0.41850282323570187,
  0.05146324827732556
 ],
 "confid_putin_dk": [
  0.01152791329103445,
  0.06895761364566662,
  0.16235337615257148,
  0.7445795754452099,
  0.01258152146551755
 ],
 "confid_macron_dk": [
  0.1490883444870182,
  0.46372836071658446,
  0.21823202514950676,
  0.09107020277527643,
  0.07788106687161403
 ],
 "confid_netanyahu_dk": [
  0.035146719726282485,
  0.16708734591131802,
  0.2703451685198694,
  0.4494995883491696,
  0.07792117749336047
 ],
 "confid_zelenskyy_dk": [
  0.2674363600448239,
  0.4091785600865918,
  0.16515103592862349,
  0.12572906775931117,
  0.03250497618064956
 ],
 "trump_personality_qualified": [
  0.21391174279472117,
  0.7860882572052789
 ],
 "trump_personality_strong": [
  0.4340153911826859,
  0.565984608817314
 ],
 "trump_personality_honest": [
  0.18493092419855298,
  0.815069075801447
 ],
 "trump_personality_dangerous": [
  0.811431031088988,
  0.18856896891101207
 ],
 "trump_personality_complex": [
  0.2644522790461783,
  0.7355477209538217
 ],
 "trump_personality_diplomatic": [
  0.16899945221171303,
  0.8310005477882869
 ],
 "trump_personality_arrogant": [
  0.913954454609342,
  0.08604554539065798
 ],
 "trump_handling_econ": [
  0.040767586551252365,
  0.16174690007338663,
  0.2645834973739312,
  0.5329020160014297
 ],
 "trump_handling_climate": [
  0.04202529149753245,
  0.09495590259048374,
  0.2312438861309911,
  0.6317749197809926
 ],
 "trump_handling_china": [
  0.0427582522617977,
  0.2067634491381683,
  0.29514427621495654,
  0.45533402238507753
 ],
 "trump_handling_rusukr": [
  0.05699720881417233,
  0.18841014537995554,
  0.25026794459161805,
  0.5043247012142541
 ],
 "trump_handling_isrneigh": [
  0.051033666557205065,
  0.1836462457337837,
  0.2901304574915049,
  0.4751896302175063
 ],
 "trump_handling_immigration": [
  0.1262524378213826,
  0.18668017386548574,
  0.2253342990645152,
  0.4617330892486165
 ],
 "usdem_works": [
  0.03476526806516386,
  0.23309168177166487,
  0.4057138601974216,
  0.3264291899657496
 ],
 "conflict_usparties": [
  0.33986125636561443,
  0.5473062873925996,
  0.10720356505882672,
  0.005628891182959232
 ],
 "econ_power": [
  0.349533531906613,
  0.5080642831060198,
  0.05419251989488827,
  0.08820966509247877,
  0.0,
  0.0
 ],
 "us_or_china": [
  0.5389753710219287,
  0.4320509281993588,
  0.021312737402547213,
  0.007660963376165197
 ],
 "moral_state": [
  0.16362476524003078,
  0.6932968962868753,
  0.12157716124240628,
  0.0215011772306876
 ],
 "moral_affair": [
  0.045132103839648524,
  0.8459280188583032,
  0.10893987730204828,
  0.0
 ],
 "moral_homosexuality": [
  0.4284760770590549,
  0.14586733589967169,
  0.4256565870412734,
  0.0
 ],
 "moral_abortion": [
  0.46793423259271344,
  0.18100882260157866,
  0.3510569448057078,
  0.0
 ],
 "moral_gambling": [
  0.24723422028830297,
  0.3260869074806939,
  0.42667887223100315,
  0.0
 ],
 "moral_contraceptives": [
  0.5467259455247122,
  0.028415130437976336,
  0.4248589240373114,
  0.0
 ],
 "moral_pornography": [
  0.29435731800218146,
  0.3614967154419219,
  0.3441459665558967,
  0.0
 ],
 "moral_marijuana": [
  0.31390674288611603,
  0.23885278429762466,
  0.4472404728162592,
  0.0
 ],
 "moral_alcohol": [
  0.4466681849476133,
  0.0686361164855835,
  0.4846956985668032,
  0.0
 ],
 "moral_divorce": [
  0.5065313663062387,
  0.06690281955491423,
  0.42656581413884703,
  0.0
 ],
 "believe_god": [
  0.8924976764083046,
  0.10750232359169533
 ],
 "polsys_country": [
  0.12028232173789125,
  0.34633370687451703,
  0.45736989875953316,
  0.07601407262805865
 ],
 "officials_trait_understand": [
  0.00405374286178419,
  0.09635966587410297,
  0.4325931404735145,
  0.37181931792156614,
  0.0951741328690322
 ],
 "officials_trait_focus": [
  0.006629489694342448,
  0.1408208841263633,
  0.47377288611009394,
  0.31557339232992593,
  0.06320334773927444
 ],
 "officials_trait_qualified": [
  0.004941795431360062,
  0.16573603383997554,
  0.47080438594591073,
  0.3103578068984957,
  0.048159977884257875
 ],
 "officials_trait_ethical": [
  0.003324837777206875,
  0.16381920955314938,
  0.44553779137069666,
  0.32592390059878273,
  0.06139426070016445
 ],
 "officials_trait_honest": [
  0.0032393272018327196,
  0.15090740301927488,
  0.39508350043597473,
  0.35575980874022595,
  0.09500996060269166
 ],
 "intthreat_climatechange": [
  0.631466345511622,
  0.26503239211754104,
  0.10350126237083698
 ],
 "intthreat_econcondition": [
  0.7115863151062901,
  0.27700043329160634,
  0.011413251602103493
 ],
 "intthreat_disease": [
  0.39025845492881894,
  0.550272081871577,
  0.059469463199603986
 ],
 "intthreat_misinfo": [
  0.6538376304723025,
  0.30556285257123106,
  0.04059951695646641
 ],
 "intthreat_terrorism": [
  0.3611109641777649,
  0.5639506225920761,
  0.07493841323015901
 ],
 "ai_heard": [
  0.4372787577409032,
  0.5349008379284738,
  0.027820404330622973
 ],
 "ai_cncexc": [
  0.1267622725588183,
  0.4930111220548374,
  0.38022660538634434
 ],
 "aireg_us": [
  0.03484129270036798,
  0.2602695287929051,
  0.32313337497074857,
  0.34784139226162664,
  0.03391441127435164
 ],
 "aireg_china": [
  0.020442111013258518,
  0.1312802573190955,
  0.30765524915074627,
  0.5137473152070733,
  0.026875067309826323
 ],
 "aireg_eu": [
  0.1227827372450898,
  0.4697439978119761,
  0.2334170946411497,
  0.11844148221099397,
  0.055614688090790385
 ],
 "aireg_country": [
  0.14369330136104713,
  0.506203881165473,
  0.23982291307724157,
  0.07976127819182104,
  0.03051862620441725
 ],
 "religion_import": [
  0.15003987200212507,
  0.15623829805797312,
  0.2256865601007423,
  0.46803526983915955
 ],
 "pray_freq": [
  0.07394938742294709,
  0.07844859101065786,
  0.06834454368916164,
  0.022203292564534155,
  0.042957396723596684,
  0.19000342408333754,
  0.5240933645057649
 ],
 "d_educ_australia": [
  0.23783890279622832,
  0.41687202756041697,
  0.34528906964335465
 ],
 "d_ptyid_proximity_lean": [
  0.38582741131482867,
  0.6141725886851713
 ],
 "political_scale2": [
  0.04146726731600558,
  0.09366791622253788,
  0.19160491908604113,
  0.4689727021331103,
  0.13486582755194912,
  0.060279395927010995,
  0.009141971763344905
 ],
 "trust_people": [
  0.6908053372143296,
  0.3091946627856705
 ]
}