{
 "pop": "Japan",
 "n_people": 1000,
 "n_questions": 70,
 "raw_1tv": 0.8655966543130145,
 "raw_1tv_ci": 0.021188555023670664,
 "one_mae": 0.9261091563928641,
 "tiers": {
  "drift": 17,
  "readout": 53
 }
}