{
 "pop": "UK",
 "n_people": 1000,
 "n_questions": 72,
 "raw_1tv": 0.9023714397741833,
 "raw_1tv_ci": 0.013289089371671614,
 "one_mae": 0.9464393789082082,
 "tiers": {
  "drift": 14,
  "readout": 58
 }
}