{
 "a9": [
  0.81267509397473,
  0.18732490602527
 ],
 "a15": [
  0.04036627731932938,
  0.11999692886540467,
  0.3359327784264743,
  0.3306164467368256,
  0.1730875686519661
 ],
 "a16": [
  0.04786606541885616,
  0.08700226732818397,
  0.22852316081295213,
  0.3470617093498314,
  0.28954679709017633
 ],
 "a17": [
  0.03687260870464945,
  0.09281674235330542,
  0.27942501192685204,
  0.3452670889373273,
  0.24561854807786576
 ],
 "a281": [
  0.6277182674120945,
  0.23882211950144488,
  0.09209700355372383,
  0.028819578023576205,
  0.012543031509160574
 ],
 "a282": [
  0.6051002959577174,
  0.24843654530650172,
  0.1150143367320302,
  0.024366858644597873,
  0.007081963359152829
 ],
 "a283": [
  0.5090681244431656,
  0.21590528286536603,
  0.17199953293971817,
  0.07714681655594892,
  0.0258802431958013
 ],
 "a284": [
  0.12727950447438424,
  0.2433549226342596,
  0.2715920689468762,
  0.2471593698896702,
  0.11061413405480983
 ],
 "a285": [
  0.11522995280523707,
  0.05723077615366014,
  0.07037344442751282,
  0.26304037238476113,
  0.4941254542288288
 ],
 "a29": [
  0.008010535137136137,
  0.0005663149778610242,
  0.013619047807654727,
  0.18613467165335892,
  0.7916694304239892
 ],
 "a3001": [
  0.27490771094609595,
  0.2199254959355271,
  0.16668063531172692,
  0.18791848629380525,
  0.15056767151284475
 ],
 "a3002": [
  0.0015069983617992226,
  0.011444162035850034,
  0.10194879284814014,
  0.3839245923498356,
  0.501175454404375
 ],
 "a3003": [
  0.04510399549650798,
  0.1529144502657422,
  0.33285997045052984,
  0.2969155413428612,
  0.17220604244435883
 ],
 "a3004": [
  0.08077775722132932,
  0.11712127822593425,
  0.1326096906902048,
  0.21851372135664585,
  0.4509775525058856
 ],
 "a3005": [
  0.0075497999219777834,
  0.01760873790169793,
  0.06760107851577117,
  0.34068151571368815,
  0.5665588679468649
 ],
 "a3007": [
  0.019418947336738764,
  0.11017181282269024,
  0.30525534839436325,
  0.38925017751816343,
  0.17590371392804421
 ],
 "a3008": [
  0.21476608530635416,
  0.2323382412308411,
  0.15071733954721003,
  0.13576188153868357,
  0.26641645237691125
 ],
 "a3009": [
  0.18219399537354256,
  0.17457778450680794,
  0.1504477655532371,
  0.15151447107159602,
  0.3412659834948164
 ],
 "a3010": [
  0.006393246457150597,
  0.024511820575178245,
  0.048214531734246786,
  0.23182728454762988,
  0.6890531166857945
 ],
 "a3011": [
  0.023492793551957165,
  0.032812678459025066,
  0.056967354538985056,
  0.19466835539156038,
  0.6920588180584724
 ],
 "a3012": [
  0.6715623029516513,
  0.10708841852334633,
  0.033161124066112706,
  0.031066004005162212,
  0.1571221504537274
 ],
 "a311": [
  0.1369143922509312,
  0.3093132254542525,
  0.2795758377343164,
  0.21245834722905563,
  0.06173819733144429
 ],
 "a312": [
  0.02448679503054182,
  0.13382801990391804,
  0.3011336272542262,
  0.43097804493733144,
  0.10957351287398248
 ],
 "a313": [
  0.4104416056201451,
  0.22813690362953806,
  0.2006469467397742,
  0.1214873294654831,
  0.039287214545059415
 ],
 "a31a": [
  0.16237567901207903,
  0.17431867902248255,
  0.1452243928812879,
  0.05774514846233868,
  0.11404781349910013,
  0.1149457736055598,
  0.23134251351715196
 ],
 "a31b": [
  0.08937001536052759,
  0.17098474158290006,
  0.22761373208808597,
  0.0822149797323318,
  0.15436806787216828,
  0.10036704046525127,
  0.175081422898735
 ],
 "a32": [
  0.5797906368126922,
  0.20845327184178108,
  0.08557655392044046,
  0.056228813390423175,
  0.0227945181009407,
  0.04715620593372237
 ],
 "a33": [
  0.04286821039711494,
  0.13436275190278088,
  0.17809578721253813,
  0.5245516593312399,
  0.12012159115632612
 ],
 "a34": [
  0.09063978358614216,
  0.29814332574260144,
  0.23074347839995898,
  0.3137791425279412,
  0.06669426974335611
 ],
 "a35": [
  0.05398109252743528,
  0.16252062915686696,
  0.27553487542759897,
  0.4492406498828703,
  0.058722753005228494
 ],
 "a36": [
  0.01626907190953298,
  0.04042344386596913,
  0.1801321157947972,
  0.5714600801870395,
  0.1917152882426611
 ],
 "a38": [
  0.26170491814551206,
  0.15469943794110969,
  0.3962990969824096,
  0.13178345143577352,
  0.055513095495195085
 ],
 "a39": [
  0.7565342693694798,
  0.1309735624405054,
  0.08567745061962764,
  0.021014792144111876,
  0.005799925426275397
 ],
 "a40": [
  0.5850175749109376,
  0.07786383114664572,
  0.26309482846329135,
  0.048133140073770744,
  0.02589062540535449
 ],
 "a41": [
  0.0668371235276557,
  0.5211495940048178,
  0.05725703513240424,
  0.35475624733512234
 ],
 "a421": [
  0.19951358810955092,
  0.2585258263303922,
  0.1123538572926247,
  0.2689560736213686,
  0.1606506546460636
 ],
 "a422": [
  0.23574760057125926,
  0.31734321628339207,
  0.1123962422547971,
  0.22442844796647674,
  0.1100844929240749
 ],
 "a423": [
  0.19448785653968542,
  0.2526729812349276,
  0.1473390893245789,
  0.2650681596953538,
  0.14043191320545434
 ],
 "a424": [
  0.5027844516619921,
  0.29558848667070703,
  0.09224655636450761,
  0.07715015809516343,
  0.032230347207629864
 ],
 "a425": [
  0.038049091336364395,
  0.07003300411170393,
  0.10834762152524835,
  0.35215933559144497,
  0.43141094743523833
 ],
 "a43e": [
  0.0035664030330343683,
  0.055875537959365174,
  0.3657707866929091,
  0.36362429610457947,
  0.21116297621011176
 ],
 "a44": [
  0.4542320204941214,
  0.49339226815316595,
  0.05237571135271261
 ],
 "a46": [
  0.28905161212744906,
  0.3283405713146425,
  0.18247788622832287,
  0.13840157992141827,
  0.061728350408167265
 ],
 "a47": [
  0.11662704224865307,
  0.22910728589866605,
  0.15547279833077424,
  0.2825910790864708,
  0.21620179443543583
 ],
 "a48": [
  0.056671462842881784,
  0.11670683862782183,
  0.10855834282986683,
  0.37838669771179306,
  0.3396766579876365
 ],
 "a49": [
  0.020011999158006475,
  0.07242925770299327,
  0.3108249643321505,
  0.36293280144788725,
  0.2338009773589625
 ],
 "a50": [
  0.07369582800689327,
  0.1549976732334248,
  0.4086916493220957,
  0.2594760118047885,
  0.10313883763279764
 ],
 "a51": [
  0.6099972450979846,
  0.22218450968782869,
  0.14183737922288123,
  0.02113042562791315,
  0.004850440363392442
 ],
 "a52": [
  0.6431560008766132,
  0.23013348368279612,
  0.1075039797705524,
  0.016130434465562428,
  0.003076101204475833
 ],
 "a53": [
  0.44146490661313714,
  0.018297606734708156,
  0.008457675259940685,
  0.5317798113922141
 ],
 "a561": [
  0.9085502878353585,
  0.09144971216464157
 ],
 "a563": [
  0.036233674246466105,
  0.9637663257535339
 ],
 "a564": [
  0.03036752533302171,
  0.9696324746669783
 ],
 "a57a": [
  0.7331434958823659,
  0.266856504117634
 ],
 "a59b": [
  0.35200862922825543,
  0.19774006920363052,
  0.45025130156811416
 ],
 "a60b": [
  0.4975991164987967,
  0.26859859342382125,
  0.2338022900773821
 ],
 "a64": [
  0.05860893745645613,
  0.3089005089553839,
  0.5183352110387505,
  0.1064132546930139,
  0.007742087856395687
 ],
 "a76": [
  0.3914586204108879,
  0.00935538407918996,
  0.00875825600171243,
  0.5904277395082096
 ],
 "a791": [
  0.9357562334358307,
  0.06424376656416927
 ],
 "a793": [
  0.03543980169213261,
  0.9645601983078673
 ],
 "a80": [
  0.214522230377091,
  0.785477769622909
 ],
 "b1": [
  0.03837331241906546,
  0.5556993694878645,
  0.31824995633596076,
  0.08767736175710922
 ],
 "b2": [
  0.25996340749507746,
  0.5112157310513541,
  0.1849817473776048,
  0.04383911407596369
 ],
 "b4": [
  0.028627779618932623,
  0.08936979956156009,
  0.46544262222627814,
  0.3546507703609576,
  0.06190902823227152
 ],
 "b5": [
  0.019247906387396582,
  0.11647060904735494,
  0.41439780747865124,
  0.366200208809308,
  0.08368346827728929
 ],
 "b6": [
  0.1332583711847754,
  0.3627417243400853,
  0.3994664229264134,
  0.10020607667074445,
  0.004327404877981426
 ],
 "b7b": [
  0.03317892106914094,
  0.9668210789308591
 ],
 "b8": [
  0.4490275409806529,
  0.3019617635726186,
  0.06388450119987175,
  0.059183223290677975,
  0.03519373017408621,
  0.07175548887670716,
  0.0189937519053855
 ],